id_post_reddit	titre	auteur	date	texte	url	subreddit	upvotes	score	nombre_commentaires	flairs	source	co_auteurs
rd5d0u	Happiness [Episodes 11 & 12]	dyosaaa	2021-12-10 09:58:11	* **Drama**: [Happiness](https://mydramalist.com/690709-happiness)    * Hangul:  Ìï¥ÌîºÎãàÏä§ * **Network**: tvN * **Premiere Date**: November 5, 2021 * **Airing Schedule**: Friday and Saturday @ 22:40 KST * **Episodes**: 12 * **Director**: [Ahn Gil Ho](https://mydramalist.com/people/16031-ahn-gil-ho) * **Writer**: [Han Sang Woon](https://mydramalist.com/people/22426-han-sang-woon) * **Cast**: [Han Hyo Joo](https://mydramalist.com/people/300-han-hyo-joo) as Yoon Sae Bom, [Park Hyun Shik](https://mydramalist.com/people/3014-park-hyung-shik) as Jung Yi Hyun, and [Jo Woo Jin](https://mydramalist.com/people/6557-jo-woo-jin) as Han Tae Seok * **Streaming Source**: [Viu](https://www.viu.com/ott/ph/), [Viki](https://www.viki.com/tv/38039c-happiness), [iQiyi](https://www.iq.com/album/happiness-2021-2gndx2kx5q9?lang=en_us), [WeTV](https://wetv.vip/play/bjcqlf24t7af6el-Happiness/h00401rc9tf-Teaser-(Ver.35s)-%7C-Happiness) and [TVING](https://www.tving.com/vod/player/E003625473) * **Plot** **Synopsis**:  >A new type of deadly virus spread throughout the city, and the apartment where has different social classes of people is sealed off. With the fear of the virus, and the conflicts of the different classes, the residents have to spend and survive in the new habitation.Yoon Sae Bom is very quick on decision and judgement. She did not grow up in a good environment. She wants to live comfortably in the complicated world, but she righteous and can‚Äôt stand injustice.Jung Yi Hyun is a police detective, who is mainly in charge of violent crimes. He used to be a baseball player, but had to quit due to a knee injury. He struggles to protect people from the danger in the apartment.Han Tae Seok was an information agent while serving in the military, and after being discharged, he worked as an executive at a pharmaceutical company. He is the perfect person for a position dealing with infectious diseases.  (Source: CJ ENM, Soompi)  * **Previous Discussion:** [\[Episodes 1 & 2\]](https://www.reddit.com/r/KDRAMA/comments/qn82ly/happiness_episodes_1_2/) | [\[Episodes 3 & 4\]](https://www.reddit.com/r/KDRAMA/comments/qs83f9/happiness_episodes_3_4/) | [\[Episodes 5 & 6\]](https://www.reddit.com/r/KDRAMA/comments/qxd4pn/happiness_episodes_5_6/) | [\[Episodes 7 & 8\]](https://www.reddit.com/r/KDRAMA/comments/r2kdrp/happiness_episodes_7_8/) | [\[Episodes 9 & 10\]](https://www.reddit.com/r/KDRAMA/comments/r7vssb/happiness_episodes_9_10/) * **Conduct Reminder:**  >We encourage our users to read the following before participating in any discussions on [/r/KDRAMA](https://www.reddit.com/r/KDRAMA): (1) [Reddiquette](https://www.reddithelp.com/hc/en-us/articles/205926439), (2) our [Conduct Rules](https://www.reddit.com/r/KDRAMA/wiki/rules#wiki_1._conduct) (3) our [Policies](https://www.reddit.com/r/KDRAMA/wiki/policies), and (4) the [When Discussions Get Personal Post](https://www.reddit.com/r/KDRAMA/comments/jqrjx6/meta_when_discussions_get_personal/).  Any users who are displaying negative conduct (including but not limited to   bullying, harassment, or personal attacks) will be given a warning, repeated behaviour will lead to increasing exclusions from our community. Any extreme cases of misconduct (such as racism or hate speech) will result in an immediate permanent ban from our community and a report to Reddit admin. Additionally, mentions of down-voting, unpopular opinions, and the use of profanity may see your comments locked or removed without notice.  * **Spoiler Tag Reminder:**  >Be mindful of others who may not have yet seen this drama,and use spoiler tags when discussing key plot developments or other important information. You can create a spoiler tag by writing > ! this! < without the spaces in between to get this >!spoiler!<. For more information about when and how to use spoiler tags see our [Spoiler Tag Wiki](https://www.reddit.com/r/KDRAMA/wiki/spoilertags).	https://www.reddit.com/r/KDRAMA/comments/rd5d0u/happiness_episodes_11_12/	KDRAMA	371	371	472	On-Air: tvN	reddit	Aucun
r7vssb	Happiness [Episodes 9 & 10]	dyosaaa	2021-12-03 10:01:40	* **Drama**: [Happiness](https://mydramalist.com/690709-happiness)    * Hangul:  Ìï¥ÌîºÎãàÏä§ * **Network**: tvN * **Premiere Date**: November 5, 2021 * **Airing Schedule**: Friday and Saturday @ 22:40 KST * **Episodes**: 12 * **Director**: [Ahn Gil Ho](https://mydramalist.com/people/16031-ahn-gil-ho) * **Writer**: [Han Sang Woon](https://mydramalist.com/people/22426-han-sang-woon) * **Cast**: [Han Hyo Joo](https://mydramalist.com/people/300-han-hyo-joo) as Yoon Sae Bom, [Park Hyun Shik](https://mydramalist.com/people/3014-park-hyung-shik) as Jung Yi Hyun, and [Jo Woo Jin](https://mydramalist.com/people/6557-jo-woo-jin) as Han Tae Seok * **Streaming Source**: [Viu](https://www.viu.com/ott/ph/), [Viki](https://www.viki.com/tv/38039c-happiness), [iQiyi](https://www.iq.com/album/happiness-2021-2gndx2kx5q9?lang=en_us), [WeTV](https://wetv.vip/play/bjcqlf24t7af6el-Happiness/h00401rc9tf-Teaser-(Ver.35s)-%7C-Happiness) and [TVING](https://www.tving.com/vod/player/E003625473) * **Plot** **Synopsis**:  >A new type of deadly virus spread throughout the city, and the apartment where has different social classes of people is sealed off. With the fear of the virus, and the conflicts of the different classes, the residents have to spend and survive in the new habitation.Yoon Sae Bom is very quick on decision and judgement. She did not grow up in a good environment. She wants to live comfortably in the complicated world, but she righteous and can‚Äôt stand injustice.Jung Yi Hyun is a police detective, who is mainly in charge of violent crimes. He used to be a baseball player, but had to quit due to a knee injury. He struggles to protect people from the danger in the apartment.Han Tae Seok was an information agent while serving in the military, and after being discharged, he worked as an executive at a pharmaceutical company. He is the perfect person for a position dealing with infectious diseases.  (Source: CJ ENM, Soompi)  * **Previous Discussion:** [\[Episodes 1 & 2\]](https://www.reddit.com/r/KDRAMA/comments/qn82ly/happiness_episodes_1_2/) | [\[Episodes 3 & 4\]](https://www.reddit.com/r/KDRAMA/comments/qs83f9/happiness_episodes_3_4/) | [\[Episodes 5 & 6\]](https://www.reddit.com/r/KDRAMA/comments/qxd4pn/happiness_episodes_5_6/) | [\[Episodes 7 & 8\]](https://www.reddit.com/r/KDRAMA/comments/r2kdrp/happiness_episodes_7_8/) * **Conduct Reminder:**  >We encourage our users to read the following before participating in any discussions on [/r/KDRAMA](https://www.reddit.com/r/KDRAMA): (1) [Reddiquette](https://www.reddithelp.com/hc/en-us/articles/205926439), (2) our [Conduct Rules](https://www.reddit.com/r/KDRAMA/wiki/rules#wiki_1._conduct) (3) our [Policies](https://www.reddit.com/r/KDRAMA/wiki/policies), and (4) the [When Discussions Get Personal Post](https://www.reddit.com/r/KDRAMA/comments/jqrjx6/meta_when_discussions_get_personal/).  Any users who are displaying negative conduct (including but not limited to   bullying, harassment, or personal attacks) will be given a warning, repeated behaviour will lead to increasing exclusions from our community. Any extreme cases of misconduct (such as racism or hate speech) will result in an immediate permanent ban from our community and a report to Reddit admin. Additionally, mentions of down-voting, unpopular opinions, and the use of profanity may see your comments locked or removed without notice.  * **Spoiler Tag Reminder:**  >Be mindful of others who may not have yet seen this drama,and use spoiler tags when discussing key plot developments or other important information. You can create a spoiler tag by writing > ! this! < without the spaces in between to get this >!spoiler!<. For more information about when and how to use spoiler tags see our [Spoiler Tag Wiki](https://www.reddit.com/r/KDRAMA/wiki/spoilertags).	https://www.reddit.com/r/KDRAMA/comments/r7vssb/happiness_episodes_9_10/	KDRAMA	244	244	484	On-Air: tvN	reddit	Aucun
r2kdrp	Happiness [Episodes 7 & 8]	dyosaaa	2021-11-26 10:35:18	* **Drama**: [Happiness](https://mydramalist.com/690709-happiness)    * Hangul:  Ìï¥ÌîºÎãàÏä§ * **Network**: tvN * **Premiere Date**: November 5, 2021 * **Airing Schedule**: Friday and Saturday @ 22:40 KST * **Episodes**: 12 * **Director**: [Ahn Gil Ho](https://mydramalist.com/people/16031-ahn-gil-ho) * **Writer**: [Han Sang Woon](https://mydramalist.com/people/22426-han-sang-woon) * **Cast**: [Han Hyo Joo](https://mydramalist.com/people/300-han-hyo-joo) as Yoon Sae Bom, [Park Hyun Shik](https://mydramalist.com/people/3014-park-hyung-shik) as Jung Yi Hyun, and [Jo Woo Jin](https://mydramalist.com/people/6557-jo-woo-jin) as Han Tae Seok * **Streaming Source**: [Viu](https://www.viu.com/ott/ph/), [Viki](https://www.viki.com/tv/38039c-happiness), [iQiyi](https://www.iq.com/album/happiness-2021-2gndx2kx5q9?lang=en_us), [WeTV](https://wetv.vip/play/bjcqlf24t7af6el-Happiness/h00401rc9tf-Teaser-(Ver.35s)-%7C-Happiness) and [TVING](https://www.tving.com/vod/player/E003625473) * **Plot** **Synopsis**:  >A new type of deadly virus spread throughout the city, and the apartment where has different social classes of people is sealed off. With the fear of the virus, and the conflicts of the different classes, the residents have to spend and survive in the new habitation.Yoon Sae Bom is very quick on decision and judgement. She did not grow up in a good environment. She wants to live comfortably in the complicated world, but she righteous and can‚Äôt stand injustice.Jung Yi Hyun is a police detective, who is mainly in charge of violent crimes. He used to be a baseball player, but had to quit due to a knee injury. He struggles to protect people from the danger in the apartment.Han Tae Seok was an information agent while serving in the military, and after being discharged, he worked as an executive at a pharmaceutical company. He is the perfect person for a position dealing with infectious diseases.  (Source: CJ ENM, Soompi)  * **Previous Discussion:** [\[Episodes 1 & 2\]](https://www.reddit.com/r/KDRAMA/comments/qn82ly/happiness_episodes_1_2/) | [\[Episodes 3 & 4\]](https://www.reddit.com/r/KDRAMA/comments/qs83f9/happiness_episodes_3_4/) | [\[Episodes 5 & 6\]](https://www.reddit.com/r/KDRAMA/comments/qxd4pn/happiness_episodes_5_6/) * **Conduct Reminder:**  >We encourage our users to read the following before participating in any discussions on [/r/KDRAMA](https://www.reddit.com/r/KDRAMA): (1) [Reddiquette](https://www.reddithelp.com/hc/en-us/articles/205926439), (2) our [Conduct Rules](https://www.reddit.com/r/KDRAMA/wiki/rules#wiki_1._conduct) (3) our [Policies](https://www.reddit.com/r/KDRAMA/wiki/policies), and (4) the [When Discussions Get Personal Post](https://www.reddit.com/r/KDRAMA/comments/jqrjx6/meta_when_discussions_get_personal/).  Any users who are displaying negative conduct (including but not limited to   bullying, harassment, or personal attacks) will be given a warning, repeated behaviour will lead to increasing exclusions from our community. Any extreme cases of misconduct (such as racism or hate speech) will result in an immediate permanent ban from our community and a report to Reddit admin. Additionally, mentions of down-voting, unpopular opinions, and the use of profanity may see your comments locked or removed without notice.  * **Spoiler Tag Reminder:**  >Be mindful of others who may not have yet seen this drama,and use spoiler tags when discussing key plot developments or other important information. You can create a spoiler tag by writing > ! this! < without the spaces in between to get this >!spoiler!<. For more information about when and how to use spoiler tags see our [Spoiler Tag Wiki](https://www.reddit.com/r/KDRAMA/wiki/spoilertags).	https://www.reddit.com/r/KDRAMA/comments/r2kdrp/happiness_episodes_7_8/	KDRAMA	220	220	331	On-Air: tvN	reddit	Aucun
qn82ly	Happiness [Episodes 1 & 2]	dyosaaa	2021-11-05 10:21:39	* **Drama**: [Happiness](https://mydramalist.com/690709-happiness)    * Hangul:  Ìï¥ÌîºÎãàÏä§ * **Network**: tvN * **Premiere Date**: November 5, 2021 * **Airing Schedule**: Friday and Saturday @ 22:40 KST * **Episodes**: 12 * **Director**: [Ahn Gil Ho](https://mydramalist.com/people/16031-ahn-gil-ho) * **Writer**: [Han Sang Woon](https://mydramalist.com/people/22426-han-sang-woon) * **Cast**: [Han Hyo Joo](https://mydramalist.com/people/300-han-hyo-joo) as Yoon Sae Bom, [Park Hyun Shik](https://mydramalist.com/people/3014-park-hyung-shik) as Jung Yi Hyun, and [Jo Woo Jin](https://mydramalist.com/people/6557-jo-woo-jin) as Han Tae Seok * **Streaming Source**: [Viu](https://www.viu.com/ott/ph/), [Viki](https://www.viki.com/tv/38039c-happiness), [iQiyi](https://www.iq.com/album/happiness-2021-2gndx2kx5q9?lang=en_us), [WeTV](https://wetv.vip/play/bjcqlf24t7af6el-Happiness/h00401rc9tf-Teaser-(Ver.35s)-%7C-Happiness) and [TVING](https://www.tving.com/vod/player/E003625473) * **Plot** **Synopsis**:  >A new type of deadly virus spread throughout the city, and the apartment where has different social classes of people is sealed off. With the fear of the virus, and the conflicts of the different classes, the residents have to spend and survive in the new habitation.Yoon Sae Bom is very quick on decision and judgement. She did not grow up in a good environment. She wants to live comfortably in the complicated world, but she righteous and can‚Äôt stand injustice.Jung Yi Hyun is a police detective, who is mainly in charge of violent crimes. He used to be a baseball player, but had to quit due to a knee injury. He struggles to protect people from the danger in the apartment.Han Tae Seok was an information agent while serving in the military, and after being discharged, he worked as an executive at a pharmaceutical company. He is the perfect person for a position dealing with infectious diseases.  (Source: CJ ENM, Soompi)  * **Conduct Reminder:**  >We encourage our users to read the following before participating in any discussions on [/r/KDRAMA](https://www.reddit.com/r/KDRAMA): (1) [Reddiquette](https://www.reddithelp.com/hc/en-us/articles/205926439), (2) our [Conduct Rules](https://www.reddit.com/r/KDRAMA/wiki/rules#wiki_1._conduct) (3) our [Policies](https://www.reddit.com/r/KDRAMA/wiki/policies), and (4) the [When Discussions Get Personal Post](https://www.reddit.com/r/KDRAMA/comments/jqrjx6/meta_when_discussions_get_personal/).  Any users who are displaying negative conduct (including but not limited to   bullying, harassment, or personal attacks) will be given a warning, repeated behaviour will lead to increasing exclusions from our community. Any extreme cases of misconduct (such as racism or hate speech) will result in an immediate permanent ban from our community and a report to Reddit admin. Additionally, mentions of down-voting, unpopular opinions, and the use of profanity may see your comments locked or removed without notice.  * **Spoiler Tag Reminder:**  >Be mindful of others who may not have yet seen this drama,and use spoiler tags when discussing key plot developments or other important information. You can create a spoiler tag by writing > ! this! < without the spaces in between to get this >!spoiler!<. For more information about when and how to use spoiler tags see our [Spoiler Tag Wiki](https://www.reddit.com/r/KDRAMA/wiki/spoilertags).	https://www.reddit.com/r/KDRAMA/comments/qn82ly/happiness_episodes_1_2/	KDRAMA	224	224	209	On-Air: tvN	reddit	Aucun
qxd4pn	Happiness [Episodes 5 & 6]	dyosaaa	2021-11-19 10:06:14	* **Drama**: [Happiness](https://mydramalist.com/690709-happiness)    * Hangul:  Ìï¥ÌîºÎãàÏä§ * **Network**: tvN * **Premiere Date**: November 5, 2021 * **Airing Schedule**: Friday and Saturday @ 22:40 KST * **Episodes**: 12 * **Director**: [Ahn Gil Ho](https://mydramalist.com/people/16031-ahn-gil-ho) * **Writer**: [Han Sang Woon](https://mydramalist.com/people/22426-han-sang-woon) * **Cast**: [Han Hyo Joo](https://mydramalist.com/people/300-han-hyo-joo) as Yoon Sae Bom, [Park Hyun Shik](https://mydramalist.com/people/3014-park-hyung-shik) as Jung Yi Hyun, and [Jo Woo Jin](https://mydramalist.com/people/6557-jo-woo-jin) as Han Tae Seok * **Streaming Source**: [Viu](https://www.viu.com/ott/ph/), [Viki](https://www.viki.com/tv/38039c-happiness), [iQiyi](https://www.iq.com/album/happiness-2021-2gndx2kx5q9?lang=en_us), [WeTV](https://wetv.vip/play/bjcqlf24t7af6el-Happiness/h00401rc9tf-Teaser-(Ver.35s)-%7C-Happiness) and [TVING](https://www.tving.com/vod/player/E003625473) * **Plot** **Synopsis**:  >A new type of deadly virus spread throughout the city, and the apartment where has different social classes of people is sealed off. With the fear of the virus, and the conflicts of the different classes, the residents have to spend and survive in the new habitation.Yoon Sae Bom is very quick on decision and judgement. She did not grow up in a good environment. She wants to live comfortably in the complicated world, but she righteous and can‚Äôt stand injustice.Jung Yi Hyun is a police detective, who is mainly in charge of violent crimes. He used to be a baseball player, but had to quit due to a knee injury. He struggles to protect people from the danger in the apartment.Han Tae Seok was an information agent while serving in the military, and after being discharged, he worked as an executive at a pharmaceutical company. He is the perfect person for a position dealing with infectious diseases.  (Source: CJ ENM, Soompi)  * **Previous Discussion:** [\[Episodes 1 & 2\]](https://www.reddit.com/r/KDRAMA/comments/qn82ly/happiness_episodes_1_2/) | [\[Episodes 3 & 4\]](https://www.reddit.com/r/KDRAMA/comments/qs83f9/happiness_episodes_3_4/) * **Conduct Reminder:**  >We encourage our users to read the following before participating in any discussions on [/r/KDRAMA](https://www.reddit.com/r/KDRAMA): (1) [Reddiquette](https://www.reddithelp.com/hc/en-us/articles/205926439), (2) our [Conduct Rules](https://www.reddit.com/r/KDRAMA/wiki/rules#wiki_1._conduct) (3) our [Policies](https://www.reddit.com/r/KDRAMA/wiki/policies), and (4) the [When Discussions Get Personal Post](https://www.reddit.com/r/KDRAMA/comments/jqrjx6/meta_when_discussions_get_personal/).  Any users who are displaying negative conduct (including but not limited to   bullying, harassment, or personal attacks) will be given a warning, repeated behaviour will lead to increasing exclusions from our community. Any extreme cases of misconduct (such as racism or hate speech) will result in an immediate permanent ban from our community and a report to Reddit admin. Additionally, mentions of down-voting, unpopular opinions, and the use of profanity may see your comments locked or removed without notice.  * **Spoiler Tag Reminder:**  >Be mindful of others who may not have yet seen this drama,and use spoiler tags when discussing key plot developments or other important information. You can create a spoiler tag by writing > ! this! < without the spaces in between to get this >!spoiler!<. For more information about when and how to use spoiler tags see our [Spoiler Tag Wiki](https://www.reddit.com/r/KDRAMA/wiki/spoilertags).	https://www.reddit.com/r/KDRAMA/comments/qxd4pn/happiness_episodes_5_6/	KDRAMA	214	214	281	On-Air: tvN	reddit	Aucun
dhbluw	Redditors who have found happiness, how did you get there?	ExileInShyville	2019-10-13 14:57:39		https://www.reddit.com/r/AskReddit/comments/dhbluw/redditors_who_have_found_happiness_how_did_you/	AskReddit	6258	6258	1596		reddit	Aucun
snetya	Happiness - Not Your Usual Zombie Thriller	Fatooz	2022-02-08 07:59:51	"Hello Everyone!  So I finished watching this drama on Sunday but wanted to write a good review for it. This is my second drama after my 4-month break and I was extremely excited to watch this because I love both *Han Hyo-Joo* and *Park Hyung-Sik*. But at the same time I was hesitant to check it out as it had the apocalyptic/zombie aspect to it and I'm not one who enjoys watching this genre a lot. However, I did watch it because of the positive reviews and ratings on MDL and like many others, I loved it, to the point that I'm still having major withdrawal symptoms.   Moving onto what I really loved about the drama and what I didn't.   **Positives**:  * **Cast / Acting**: I think in any drama just having a good cast sometimes works wonders. Like for me I don't enjoy this genre but the cast made me watch it and eventually I ended up liking this drama a lot. Plus it's important you cast actors who can actually do justice to their roles. For eg., there are quite some characters who're frustrating but had it not been for the actors playing it do justice to it, it wouldn't make you feel frustrated like it's supposed to be.  * **Direction**: In these kinds of apocalyptic/zombie dramas, direction is one of the important factors. For eg., the jump scares, although at this point most are predictable, I did feel most of the jump scares. I also really appreciated a lot of the conversations that took place between our main leads, be it the way they were shot or the vibe they presented.  * **The Zombies**: I would really appreciate this drama for not overdoing the zombies aspect. There was no extreme zombie affect or anything similar like that. In fact if you're a person who dislikes such things, I think even then you can watch this drama as it was mild and felt more ""real"" as compared to some other zombie dramas I've watched.  * **Chemistry**: The chemistry between *Han Hyo-Joo* and *Park Hyung-Sik* was great and natural throughout the drama. From the very first episode you could feel the comfort and the chemistry. But I would say the chemistry between the entire cast was great which is quite rare to find in a drama.   **Negatives**:  * **Writing / Ending**: I personally felt the ending was too rushed, they showed so much happening the last episode and the last 10 minutes took me sometime to process. Either they could've used two more episodes to fit or show more of the ending and done it in a better way or if they knew all along they'll be going ahead with the 12 episodes then maybe they should've tried to blend it all in a better way. I also felt the story building lacked a bit here and there.   My Rating was 9.5/10 as I only found the writing and ending to be lacking a bit but overall the positives overshadowed my watching experience and I ended up loving this drama quite a lot.   Would definitely recommend especially if you're one of those who stay away from this genre. This drama is more about finding happiness even in the darkest of times."	https://www.reddit.com/r/KDRAMA/comments/snetya/happiness_not_your_usual_zombie_thriller/	KDRAMA	117	117	56	Review	reddit	Aucun
y8q924	Happiness on Netflix is everything I wanted from a zombie kdrama! Similar recs please!	PossibleBusiness	2022-10-20 06:13:23	I watched Happiness on a whim not really expecting much (same old zombie thriller) but man was I blown away by the cast and their chemistry was just *chef‚Äôs kiss*. I loved how it focused more on the interpersonal relationships b/w the cast and how they were trying to survive and make the best of a situation instead of trying to find a cure or some over the top thing lol. Made sense to me. The dynamic between the FL and ML was pretty amazing too.  Overall nothing in the story felt too stretched out and I liked how most loose ends were tied ( the side stories of the neighbors etc) and how realistic they were compared to some other zombie dramas. So yeah now Im left wanting for more any recs would be helpful!!!	https://www.reddit.com/r/kdramarecommends/comments/y8q924/happiness_on_netflix_is_everything_i_wanted_from/	kdramarecommends	44	44	15	Recommendation Request	reddit	Aucun
108rwhu	NAMI HAPPINESS PUNCH IN ODY reaction by Geo	LightOwl12	2023-01-11 01:43:53		https://v.redd.it/52vz9hs0kbba1	MemePiece	700	700	34	MISC.	reddit	Aucun
4e18je	"The 1998 movie ""Happiness"" has one of the most fucked up movie scenes of all time."	I_like_dildos	2016-04-09 13:26:23		https://youtu.be/PuCdVbwEGgA	movies	558	558	155		reddit	Aucun
18wro5k	True happiness	Ok-Branch-9943	2024-01-02 15:14:09		https://v.redd.it/h01eheunm1ac1	MadeMeSmile	25756	25756	542	:smilingface2: Family & Friends :smilingface2:	reddit	Aucun
14tymbm	Happiness...	TheMerich	2023-07-08 08:46:29		https://v.redd.it/utslmoe5fpab1	AnimalsBeingDerps	23351	23351	244		reddit	Aucun
16ifvfw	Money can't buy happiness?	SixxRabbit	2023-09-14 11:26:38		https://v.redd.it/hvukgyrth7ob1	SipsTea	19196	19196	503	Ahh yes... the seggs :Harold:	reddit	Aucun
18c1333	Don't threaten me with happiness.	Embarrassed_Flan_869	2023-12-06 10:26:17		https://i.redd.it/k72i6vupin4c1.jpg	WhitePeopleTwitter	12378	12378	500		reddit	Aucun
16avn7n	What a beautiful sudden happiness	baconroll2022	2023-09-05 18:15:26		https://v.redd.it/le6htchdahmb1	MadeMeSmile	24280	24280	640	:smilingface4: Favorite People :smilingface5:	reddit	Aucun
z9kto4	It brings happiness.	esberat	2022-12-01 10:49:47		https://i.imgur.com/9C3bs5k.png	trippinthroughtime	48045	48045	677		reddit	Aucun
10ska3x	Tears of Happiness	Vibhrat	2023-02-03 13:26:50		https://v.redd.it/5xx3tvue6zfa1	Unexpected	21488	21488	549		reddit	Aucun
147sbhf	Wordington happiness	killmeplease98	2023-06-12 17:16:07		https://v.redd.it/ism642rgem5b1	wordington	6302	6302	306	let me suck your toes	reddit	Aucun
14wkohr	Everyone Sharing the happiness 	LogicalAsk5426	2023-07-11 07:56:28		https://v.redd.it/grgxzss2labb1	HolUp	19303	19303	350		reddit	Aucun
rw4tgw	*visible happiness	W1CK3D-D0G_YT	2022-01-04 21:10:02		https://i.redd.it/re1rdfp1lq981.jpg	memes	23758	23758	943		reddit	Aucun
14er7ds	different era, same happiness	_DarkBlack	2023-06-20 23:40:20		https://v.redd.it/v8kt9dnbe97b1	Damnthatsinteresting	13632	13632	323	Video	reddit	Aucun
183vy7f	"""Money can't buy happiness"""	ofirtzemach	2023-11-25 22:54:56		https://i.redd.it/arlv0u59qk2c1.jpg	memes	6331	6331	204		reddit	Aucun
x69an6	Happiness in Europe	JoeFalchetto	2022-09-05 06:44:32		https://i.redd.it/hha6b9qwkzl91.png	europe	9395	9395	1085	Map	reddit	Aucun
18ua7ue	Her happiness after winning it all.	thunderingscolding	2023-12-30 07:38:38		https://v.redd.it/9meln8kkyd9c1	spreadsmile	10077	10077	234		reddit	Aucun
1694dej	Money can‚Äôt buy happiness true meaning	Southern_Dig_9460	2023-09-03 18:29:32		https://i.redd.it/8vctjpr833mb1.jpg	antiwork	29467	29467	577		reddit	Aucun
u1vwsq	Cursed_happiness	Find-a-username	2022-04-12 10:32:24		https://i.redd.it/nr52ca6ms2t81.png	cursedcomments	20199	20199	563	Reddit	reddit	Aucun
z587aq	Happiness	makmark	2022-11-26 14:00:01		https://www.reddit.com/gallery/z587aq	TheOwlHouse	8057	8057	275	MoringMark	reddit	Aucun
14m8wil	Happiness isn't a contest	Joachim756	2023-06-29 16:05:33		https://i.redd.it/yysydy6edz8b1.png	facepalm	4260	4260	493	:Misc: üá≤‚ÄãüáÆ‚Äãüá∏‚Äãüá®‚Äã	reddit	Aucun
12gc7j3	[visible happiness]	GleamingArtisan	2023-04-09 07:25:34		https://i.redd.it/7vv3nrk09tsa1.jpg	PrequelMemes	20177	20177	165	General Reposti	reddit	Aucun
16x9imp	Name a more purer form of happiness	pooptrain3	2023-10-01 18:58:35		https://i.redd.it/ia6fvf7y1nrb1.gif	whenthe	10441	10441	463		reddit	Aucun
173vae8	What is the number one destroyer of happiness?	Medium_Ad_9083	2023-10-09 15:54:04	What is it?	https://www.reddit.com/r/ask/comments/173vae8/what_is_the_number_one_destroyer_of_happiness/	ask	4063	4063	7813		reddit	Aucun
lz0107	Happiness is simple.	PerspectiveFriendly	2021-03-06 11:49:57		https://i.redd.it/q98pekiubel61.jpg	pics	50294	50294	1957		reddit	Aucun
x55jjn	Happiness	AltAccount2712	2022-09-03 21:37:42		https://v.redd.it/5ipbj3ekqpl91	shitposting	13484	13484	221		reddit	Aucun
wo1x0d	Internal happiness	ryan_godzez	2022-08-14 09:05:06		https://i.imgur.com/FV8QAlK.gifv	wholesomememes	39291	39291	257	Gif	reddit	Aucun
juylpd	Happiness chemicals	captain_ked	2020-11-16 02:17:10		https://i.redd.it/hdb7cysjhiz51.jpg	coolguides	30409	30409	1033		reddit	Aucun
gu38ps	Money does buy happiness. In fact, money is a requirement for happiness.	CripplingCaseofINTJ	2020-05-31 17:37:47	Having money is synonymous with having your needs met and feeling safe and secure.   People can talk in a grandiose manner and say that ‚Äúmoney doesn‚Äôt matter‚Äù or that ‚Äúmoney can‚Äôt buy happiness‚Äù...but it can and it does.  If you‚Äôre not financially secure, you can‚Äôt be happy in this day and age.	https://www.reddit.com/r/unpopularopinion/comments/gu38ps/money_does_buy_happiness_in_fact_money_is_a/	unpopularopinion	10927	10927	763		reddit	Aucun
14ipddm	A cool guide for happiness!	prettypettypeople	2023-06-25 15:42:06		https://i.redd.it/8kobmm9kp68b1.png	coolguides	9585	9585	308		reddit	Aucun
18gg00u	The moment you realized happiness is a choice. 	eagleclaw901	2023-12-12 06:55:41		https://v.redd.it/hlfliyflat5c1	JustGuysBeingDudes	13439	13439	286	Wholesome	reddit	Aucun
nr0ifg	Pure Happiness :)	Thryloz	2021-06-03 00:25:26		https://v.redd.it/p914jj4z2y271	aww	56218	56218	866		reddit	Aucun
wku5vz	[OC] Happiness in the World	JoeFalchetto	2022-08-10 10:41:52		https://i.redd.it/qr3443pn7vg91.png	dataisbeautiful	8386	8386	1694	OC	reddit	Aucun
1691jpr	This little girl's happiness!	djanuj90	2023-09-03 16:37:35		https://v.redd.it/78w53zp9j2mb1	MadeMeSmile	12125	12125	139	:snoo_hearteyes: Wholesome Moments :snoo_simple_smile:	reddit	Aucun
vth7rg	Happiness	davidsk	2022-07-07 12:11:11		https://i.redd.it/znoapto5i6a91.jpg	comics	26187	26187	164		reddit	Aucun
v6dz2f	*visible happiness*	bagel_nuggets	2022-06-06 21:19:33		https://i.redd.it/xaehyeo7i2491.jpg	lgbt	12921	12921	269	:mc: Minecraft	reddit	Aucun
17st63x	The happiness of the dog who got his wheelchair	baconroll2022	2023-11-11 12:13:56		https://v.redd.it/zpeiv533npzb1	MadeMeSmile	37448	37448	313	:upvote::illuminati: Good News :illuminati::upvote:	reddit	Aucun
12v7q5z	Happiness Index of Indian States	Quiet_Student421	2023-04-22 14:33:57		https://i.redd.it/7v526vpu4gva1.png	IndiaSpeaks	3947	3947	707	#Original-Content ü•á	reddit	Aucun
17twwtg	A cool guide to 8 Factors of Happiness	Michael_Pike	2023-11-12 23:25:06		https://i.redd.it/89w5a84s300c1.jpg	coolguides	7343	7343	370		reddit	Aucun
18vusom	Filled with happiness	chief_donkey69	2024-01-01 11:18:34		https://v.redd.it/vrakgsgqbt9c1	BlackPeopleTwitter	3115	3115	112		reddit	Aucun
i3e3ra	Such happiness	Kavi001	2020-08-04 06:17:29		https://v.redd.it/n7skam48fwe51	aww	50431	50431	605		reddit	Aucun
ha294l	*increasing visual happiness*	bigwillythefirst1066	2020-06-16 11:34:02		https://i.redd.it/pf8he3gfd9551.jpg	memes	148071	148071	1181		reddit	Aucun
119tui5	Happiness	Casualte	2023-02-23 09:47:02		https://v.redd.it/6vylpexyayja1	fixedbytheduet	21161	21161	96		reddit	Aucun
10pm98j	Me: Visible Happiness.	Caleb_the_Opossum_1	2023-01-31 02:57:56		https://i.redd.it/h9k3gybzmafa1.jpg	PrequelMemes	6395	6395	262	General KenOC	reddit	Aucun
ibaad0	*visible happiness*	ValorumTheTrueSenate	2020-08-17 08:30:14		https://i.redd.it/le6bv4h5xih51.jpg	xboxone	14617	14617	900		reddit	Aucun
18rewal	Finding happiness in others' happiness	craziethunder	2023-12-26 18:40:02		https://i.redd.it/h0910a91po8c1.jpeg	memes	647	647	99		reddit	Aucun
579km2	Happiness	Ms_Virtualizza	2016-10-13 10:28:11		http://i.imgur.com/ik3lIft.gifv	gifs	56619	56619	1373		reddit	Aucun
103yjju	Dude spreading Happiness	Knight_TheRider	2023-01-05 13:08:32		https://v.redd.it/5sjb2sbl48aa1	MadeMeSmile	20330	20330	173	:snoo_putback: Good Vibes :snoo_tongue:	reddit	Aucun
153dv9f	trueHappiness	huxx__	2023-07-18 23:20:34		https://i.redd.it/mnty5u3b4tcb1.png	ProgrammerHumor	8874	8874	99	Meme	reddit	Aucun
kaxsqr	[visible happiness]	SudhanshuW	2020-12-11 06:55:05		https://i.redd.it/hu90rqxw9i461.jpg	PrequelMemes	66491	66491	480		reddit	Aucun
18fvu6l	The sound of happiness and gluttony 	SeeminglySusan	2023-12-11 14:31:47		https://v.redd.it/5msas7x1fo5c1	holdmycatnip	13862	13862	122		reddit	Aucun
v5bxln	Ends in happiness either way	isthatzyroc	2022-06-05 12:02:06		https://i.redd.it/yc2snvauls391.jpg	pcmasterrace	39251	39251	540	Meme/Macro	reddit	Aucun
17aav1v	The key to happiness	fillmorecounty	2023-10-17 22:37:07		https://i.redd.it/ew5b883jbuub1.jpg	shitposting	13159	13159	96	Based on a True Story	reddit	Aucun
18gllcb	Guide to Happiness	conancat	2023-12-12 13:14:02		https://i.redd.it/3xjw3kpacr5c1.jpeg	thanksimcured	2178	2178	146	Meme	reddit	Aucun
p5f52i	Pure Happiness	killHACKS	2021-08-16 12:32:51		https://i.imgur.com/aaP0U3g.gifv	MadeMeSmile	32361	32361	309	:snoo_hearteyes: Wholesome Moments :snoo_simple_smile:	reddit	Aucun
11u2v5q	This is what happiness looks like.	Roubbes	2023-03-17 20:32:16		https://i.redd.it/xtvllj26ieoa1.png	formula1	18408	18408	349	:post-photo: Photo	reddit	Aucun
mbdzdf	Pure happiness	Ariel8202	2021-03-23 12:49:04		https://v.redd.it/8u1brnl1yro61	MadeMeSmile	32457	32457	358	:snoo_hearteyes: Wholesome Moments :snoo_simple_smile:	reddit	Aucun
y5jrfz	The happiness to see her wheels.	Vexiune	2022-10-16 15:34:43		https://v.redd.it/uiaz75mzs6u91	aww	91731	91731	430		reddit	Aucun
rrt413	Happiness is Contagious	AsSeriusAsPosible	2021-12-30 05:02:10		https://i.redd.it/w8swn24t3m881.jpg	wholesomememes	21687	21687	340		reddit	Aucun
mug53s	Pancakes = happiness	tandyman234	2021-04-20 01:59:07		https://i.redd.it/zbs3ui9mj8u61.jpg	wholesomememes	47876	47876	490		reddit	Aucun
zjidak	*Healthy happiness noise*	Captain_Beemo_	2022-12-12 01:38:13		https://i.redd.it/qkjyj189xe5a1.jpg	dankmemes	7176	7176	220	Posted while receiving free health care	reddit	Aucun
s0bnj3	Small price to pay for happiness	slikq	2022-01-10 05:00:54		https://i.redd.it/j7ib8dkllsa81.jpg	memes	32968	32968	1437		reddit	Aucun
f51og5	Fake Happiness	camelidus	2020-02-17 02:32:35		https://v.redd.it/nk4m52l8beh41	Instagramreality	24513	24513	592	Video	reddit	Aucun
wmtoip	A little happiness for Friday!	iamgulshansingh	2022-08-12 19:26:40		https://v.redd.it/dghvlk6okdh91	MadeMeSmile	13600	13600	439	:snoo_putback: Good Vibes :snoo_tongue:	reddit	Aucun
ncw8za	Sheer Happiness	UnironicThatcherite	2021-05-15 10:56:10		https://v.redd.it/jk4iipf6m9z61	aww	21307	21307	320		reddit	Aucun
ru72x5	blursed_happiness	Silver_Beach_3301	2022-01-02 10:32:39		https://v.redd.it/uwne028f59981	blursed_videos	12518	12518	259		reddit	Aucun
f7rwra	True happiness	JuvenoiaAgent	2020-02-22 12:26:41		https://i.imgur.com/fEMAhAK.jpg	ProgrammerHumor	53395	53395	454		reddit	Aucun
ojbj70	Happiness noise	PirateLassy	2021-07-13 08:46:27		https://i.redd.it/f4qqbswu0ya71.jpg	memes	25211	25211	281		reddit	Aucun
ee4z93	Visible happiness	Anakinskywalker30	2019-12-22 13:39:59		https://i.redd.it/8vtqm72ku6641.jpg	ShitPostCrusaders	43185	43185	490	Anime Part 3	reddit	Aucun
183lwq5	Happiest countries in Europe (World Happiness Report 2020)	Ok-Fun-9638	2023-11-25 15:18:34		https://i.redd.it/aznazeftgi2c1.png	europe	2344	2344	556	Map	reddit	Aucun
paeghd	[visible happiness]	Rafinha_Cohen	2021-08-24 02:30:49		https://i.redd.it/ir1e8so4w7j71.jpg	marvelmemes	19336	19336	255	Shitposts	reddit	Aucun
18g8r46	Guide to Happiness	stuartadamson	2023-12-12 00:21:57		https://i.redd.it/3xjw3kpacr5c1.jpeg	restofthefuckingowl	2011	2011	121	Just do it	reddit	Aucun
16k6jic	Happiness is priceless	baconroll2022	2023-09-16 12:37:26		https://v.redd.it/ttkg14l84mob1	MadeMeSmile	18623	18623	58	:snoo_putback: Helping Others :fixing:	reddit	Aucun
dvbjgw	Run me my happiness	coldwhipzx	2019-11-12 15:32:51		https://i.imgur.com/Z73fuOX.jpg	BlackPeopleTwitter	77686	77686	1381	Country Club Thread	reddit	Aucun
ee7qtm	Happiness inbound	unnaturalorder	2019-12-22 17:44:31		https://gfycat.com/gravecookedfishingcat	aww	75306	75306	392		reddit	Aucun
iv8m7d	happiness	bobsyouruncle63	2020-09-18 15:50:46		https://i.redd.it/z2ek2tvvgxn51.jpg	ProgrammerHumor	16655	16655	242		reddit	Aucun
ctkpmj	Tragic happiness	anfebras	2019-08-21 18:16:17		https://i.redd.it/v88hrq5qfuh31.jpg	PrequelMemes	43447	43447	435		reddit	Aucun
q2tpbu	Middle aged happiness is‚Ä¶	Bigringcycling	2021-10-06 21:15:22		https://i.redd.it/tml51jlybwr71.jpg	WhitePeopleTwitter	38668	38668	376		reddit	Aucun
18l1w9t	My happiness just passed on	SorenJester	2023-12-18 06:10:23	I honestly don't know how to cope, she's the best cat I could've ever asked for, I just ask myself why it happened. She was sleeping on a table, sanay syang natutulog with her head slightly off the edge and then next thing I know I hear a thud. She stood up and then she vomited, then weakened and meowed like she was very hurt. Quickly rushed to her and searched how to do first aid to a cat, I tried CPR but, she meowed, stretched hard then, her eyes dilated. Wala na sya heartbeat, she had no breath, her eyes had no life. All these happened in under 5 minutes, me and my mom were rushing to take her to the vet for an emergency, but it was too late. My happiness is gone, she was a year and 6 months old. It all feels surreal, it feels so empty, I keep glancing to where she used to sit and lie down near me, I still feel her presence whenever I lie down, I feel her still. I can't stop crying and breaking down. I don't know how to cope or feel about it. She meant to much to me. She died in my arms earlier at 8:56 am, refused to let her go and now nag bebreakdown na ako ulit.   Sorry for the wall of text, it's just, I don't know where to go about this, it feels so shitty, di ako sanay na wala sya sa tabi ko. She's gone now, she was my happiness, she knew when I was down and she would cheer me up, she would keep me company in my all nighters when I'm studying, she would greet and wait for me kapag uuwi ako, I can't imagine doing the things we did ng wala sya.	https://www.reddit.com/gallery/18l1w9t	catsofrph	1777	1777	204	Advice Needed	reddit	Aucun
plpu4b	Blursed Happiness	HybridS9ldier	2021-09-10 17:40:40		https://i.redd.it/gh488a8xppm71.jpg	blursedimages	25599	25599	221		reddit	Aucun
cgr2g7	*visible happiness*	icantmakeanusername	2019-07-23 10:51:29		https://i.imgur.com/y9JSD0P.jpg	dankmemes	40353	40353	443		reddit	Aucun
86bphs	Pure happiness	dickfromaccounting	2018-03-22 14:03:14		https://i.imgur.com/xqIaFFm.gifv	MadeMeSmile	44804	44804	661		reddit	Aucun
xyw75g	OP's girlfriend meets his wife. Happiness ensues.	ebryetas	2022-10-08 15:55:33	Didn't see this posted here before. Enjoy\~  trigger warnings: >!none!<  mood spoiler: >!wholesome!<  [First post](https://www.reddit.com/r/offmychest/comments/wqex5s/today_my_wife_met_my_girlfriend/) (8/17/22) in [r/offmychest](https://www.reddit.com/r/offmychest/)  # Today My Wife Met My Girlfriend  I   (32M) am a widow. My wife passed away from pancreatic cancer five  years  ago. She was forced to leave behind our two kids, R (10M) and H  (7M).  My wife was the absolute light of my life. We were high school   sweethearts, went to the same college, and got married after graduation.   We were inseparable. Every day I fell more in love with her; it was   like my heart was living outside my body. When she passed, the amount of   pain I was in was indescribable. I prayed to go to sleep and not wake   up just so I could see her one last time. I contemplated meeting her,   but every time I was ready, my kids would look at me. They had her face,   her personality, her DNA, I couldn‚Äôt leave them. They were all I had   left of her. It took years before I was able to function normally again.   I even quit my job and lived off of savings and her life insurance for   about a year. I was half the dad I used to be and only a fraction of  my  former self. Two years after her passing, I decided enough was  enough  and I kicked myself into gear. I found a job in a different city  (closer  to my parents), I packed my kids up, and I moved. Life was  hard, but I  kept chugging along and eventually I found some joy.  A  year after  moving, I took a business trip to NY where I met my current  girlfriend, L. While I acknowledged there was chemistry, I told her I  was already married and she understood. However, a few months later I  had to go back to NY where we met up again. I let my guard down for the  first time  around her. Before I knew it, she was putting in a transfer  for my home  branch and moving to my city. I fell in love with her and  asked her out a  year ago next month. My kids adore her and though she  reminded them she  will never take their moms place, they lovingly call  her ‚Äúmomma L.‚Äù  Today was the  anniversary of my wife‚Äôs passing, an extremely hard day  for all of us.  This morning I walked into the living room to find L and  my kids  waiting for me. The kids were dressed in their church clothes  with  goofy smiles on their faces and bouquets in hand. Apparently, L  came up  with the idea of a picnic at my wife‚Äôs grave, an idea that the  boys  loved as they enjoy going to see their mom. While I was sleeping  they  prepared food and flowers, then insisted on wearing their best  clothes.  I‚Äôll admit that I cried at the sight of them. I don‚Äôt know how I  got  this lucky twice in a row. I wanted my wife to meet this amazing  woman,  so I asked L to come along and she did. The day that I dread  every  year turned out to be a humbling reminder of the reason why I  stayed on  this planet.  To my  lovely wife,  you can never be replaced, but she is good to me and she  takes care of  our kids like you would. Thank you for sending her to me.  &#x200B;  [second post](https://www.reddit.com/r/offmychest/comments/x67ob2/update_today_my_wife_met_my_girlfriend/) (9/5/22) posted in [r/offmychest](https://www.reddit.com/r/offmychest/)  # Update: Today My Wife Met My Girlfriend  Hi, everyone! First off I want to thank you all for the nice messages and replies. I can‚Äôt thank you all enough.  Onto the update:  I already had a profound appreciation for my girlfriend before I made   that post, but the comments gave me an entirely new perspective. The night after I made that post I took my girlfriend out to dinner and I can‚Äôt explain it but the light I was viewing her in was different. Everything she did that night gave me butterflies. She was showing me pictures that she took at the aquarium with my oldest and I couldn‚Äôt   stop staring at her. In that moment I came to the conclusion that I was going to propose a lot sooner than I expected.  A few days later, I went ring shopping with her mom (who was very excited) and we found the perfect ring. I then made a reservation at her favorite restaurant for last Friday and set the big day in motion.  Long  story short, I‚Äôm getting married‚Ä¶ again. As some of you said, promotions can wait (though after looking at her wedding ideas I may need a promotion to financially recover haha). I‚Äôm excited to start this journey with her and my amazing kids. As I‚Äôve said before, I am so   lucky.  I hope you all find your own Lyla. And thank you again.  &#x200B;  **reminder that I am not OP**	https://www.reddit.com/r/BestofRedditorUpdates/comments/xyw75g/ops_girlfriend_meets_his_wife_happiness_ensues/	BestofRedditorUpdates	22664	22664	516	CONCLUDED	reddit	Aucun
j1xlq9	Happiness	akittenreddits	2020-09-29 11:42:19	"So, I'm trans, and a couple of days ago I was out with a friend, and I saw a person I know, and they said ""Hey <old name>!"" and I said, ""It's akittenreddits now, thanks.""  And this 11-year-old girl says, ""Oh you're trans! Congratulations!"" and it made me have hope in society as well as made my week.  &#x200B;  Edit: 3 months later, I just read through every single one of the 350\~ comments. Love you guys, thanks! also wow 7.4k lol"	https://www.reddit.com/r/TwoXChromosomes/comments/j1xlq9/happiness/	TwoXChromosomes	7403	7403	343		reddit	Aucun
2c4v9i	Happiness.	SavageColdness	2014-07-30 12:20:19		http://i.imgur.com/OKDYidS.jpg	pics	30260	30260	822		reddit	Aucun
pxr4ow	Spread nothing but love and happiness....	Brown_Dissapointment	2021-09-29 08:35:51		https://v.redd.it/isacjpqzleq71	MadeMeSmile	42039	42039	732	:snoo_hearteyes: Wholesome Moments :snoo_simple_smile:	reddit	Aucun
ouf083	visible happiness	brozuwu	2021-07-30 06:05:28		https://i.redd.it/ky1oo66ijae71.png	PrequelMemes	14125	14125	231		reddit	Aucun
xaiyg8	Her happiness made me smile cheek to cheek üòä	Gibbydoesit	2022-09-10 07:23:34		https://v.redd.it/hdhdceckgzm91	MadeMeSmile	108957	108957	1379	:snoo_hearteyes: Wholesome Moments :snoo_simple_smile:	reddit	Aucun
8deyk9	Happiness	DenkeyKeng	2018-04-19 14:16:39		https://i.redd.it/mqx47vm6jvs01.gif	aww	20879	20879	415		reddit	Aucun
alvzxc	*Visible Happiness*	ItsTreasonThen117	2019-02-01 00:16:26		https://i.redd.it/20hxjl8unud21.jpg	PrequelMemes	61627	61627	461		reddit	Aucun
hfiw6z	Happiness noises	Droidyy	2020-06-25 09:04:53		https://i.redd.it/vrp77ci0v0751.jpg	memes	42490	42490	302		reddit	Aucun
cn8yex	Happiness 100	ajaz1233	2019-08-07 17:41:13		https://i.redd.it/z82j8smpc2f31.jpg	memes	48584	48584	374		reddit	Aucun
awwana	Happiness.	sneezey_cat	2019-03-03 17:40:31		https://gfycat.com/ImportantEarnestAlaskanhusky	aww	27983	27983	331		reddit	Aucun
17dx328	Money can't buy happiness	Cantstopwe	2023-10-22 16:24:41		https://v.redd.it/218sdoxk5svb1	HolUp	10389	10389	63		reddit	Aucun
klqgj3	Happiness	Uresof	2020-12-28 13:22:21		https://i.redd.it/g8uh29biix761.png	HolUp	24230	24230	197		reddit	Aucun
hsnr6k	Blursed_happiness	yesterdaddy	2020-07-17 02:39:50		https://i.redd.it/2esflvrdybb51.jpg	blursedimages	18943	18943	308		reddit	Aucun
m0lq9o	Money doesn‚Äôt buy happiness, it buys financial security, which ENABLES happiness.	wokeinthematrix	2021-03-08 18:03:23	First off, let me be absolutely clear, this stood true way before COVID existed.  Now that we got that out of the way, I‚Äôm sick of hearing ‚Äúmoney won‚Äôt make you happy‚Äù. ESPECIALLY when it‚Äôs said to people who are in poverty.  You have A LOT OF NERVE telling someone who is LEGITIMATELY IN POVERTY, ‚Äúmoney won‚Äôt make you happy‚Äù.  You wanna say that to someone who can afford to live comfortably, meaning ‚Äúbeing a millionaire won‚Äôt make you happy‚Äù, fine. But HOW DARE you say that to someone who can‚Äôt even afford monthly rent, food, and utilities.  Go see ‚ÄúMaslow‚Äôs Hierarchy of Needs‚Äù, and stop telling less privileged people than you that they don‚Äôt need money to be happy.  Why the hell do you think so many homeless people are drug addicts? You can‚Äôt be happy in those circumstances! You‚Äôve lost your goddamn minds if you think you don‚Äôt need basic life necessities/securities to be able to be happy.  Of course, basic survival is nothing to be too happy about, that‚Äôs not enough to be a ‚Äúgood‚Äù life. But it certainly ALLOWS you to do things that will MAKE you happy, go see ‚ÄúMASLOWS HIERARCHY OF NEEDS‚Äù	https://www.reddit.com/r/unpopularopinion/comments/m0lq9o/money_doesnt_buy_happiness_it_buys_financial/	unpopularopinion	3831	3831	325		reddit	Aucun
pfozwj	Credit: Cyanide and Happiness (unexpectedly)	nerd_ram	2021-09-01 07:36:51		https://i.redd.it/fv65lif0iuk71.png	wholesomememes	72987	72987	386		reddit	Aucun
163lbmo	Happiness	Lucygalbitc	2023-08-28 12:53:58		https://i.redd.it/ujpuddiwlukb1.jpg	overlord	1723	1723	107	Meme	reddit	Aucun
13l1kta	What true happiness feels like? Thisüëá	polycarbonateduser	2023-05-18 15:06:28		https://v.redd.it/09kzu4k1vl0b1	aww	22878	22878	141		reddit	Aucun
jli8s1	Pure happiness	elmostina	2020-10-31 13:19:48		https://i.imgur.com/Olvbsdu.gifv	aww	37709	37709	228		reddit	Aucun
ubftux	The face of pure happiness üòç	vladgrinch	2022-04-25 07:59:00		https://v.redd.it/1tiota62tmv81	aww	45009	45009	343		reddit	Aucun
178oqzq	Adorable pups happiness when it sees its owner through the window	alanboston	2023-10-15 20:52:00		https://v.redd.it/tqrvlyosifub1	MadeMeSmile	47204	47204	253		reddit	Aucun
zmk0de	Innocent happiness	KneeEffective7140	2022-12-15 12:33:48		https://i.redd.it/mhsxf47yk36a1.gif	memes	4518	4518	136		reddit	Aucun
otlwi4	True happiness	depressed-GrimReaper	2021-07-28 23:39:28		https://i.redd.it/io8fe8xuh1e71.jpg	memes	15028	15028	200		reddit	Aucun
z01c1l	She's found happiness	orocknall	2022-11-20 11:00:27		https://gfycat.com/familiarlightheartedgalago	gifsthatkeepongiving	9362	9362	133		reddit	Aucun
k5b16h	Wholesome happiness.... overloaded	Shivang_jas	2020-12-02 15:15:28		https://i.redd.it/vgwy8eizis261.jpg	wholesomememes	36368	36368	294		reddit	Aucun
16k1spe	Happiness Rank of Indian States: The Hindu	jxrha	2023-09-16 08:05:25		https://i.redd.it/q18ax1rprkob1.png	india	2057	2057	423	Non Political	reddit	Aucun
kzmh6o	Anon find happiness	antichristsinner	2021-01-18 03:51:49		https://i.redd.it/z003tb3vj0c61.jpg	greentext	26369	26369	282		reddit	Aucun
172k1lq	Deep Happiness	Alex-xoxo666	2023-10-07 23:22:04		https://i.redd.it/mn56h6nf6vsb1.jpg	im14andthisisdeep	1635	1635	115		reddit	Aucun
8hblhh	Happiness	dickfromaccounting	2018-05-06 00:23:47		https://i.imgur.com/nVCHop4.gifv	MadeMeSmile	65825	65825	291		reddit	Aucun
14u2ztj	Nice Guy (Guest Comic I did for Cyanide & Happiness)	MrLovens	2023-07-08 12:29:40		https://i.redd.it/qilvqalqiqab1.png	comics	32166	32166	305		reddit	Aucun
18vpihv	Dog's happiness after achieving his objective!	RedditUserPotato	2024-01-01 05:05:13		https://v.redd.it/v7da2dx4hr9c1	MadeMeSmile	15020	15020	54	:doge: doggo :doge:	reddit	Aucun
gddi6g	[ happiness noise ]	OneCreativeBoi	2020-05-04 15:21:17		https://i.redd.it/lrrlip0smrw41.jpg	memes	128511	128511	464		reddit	Aucun
rsqcvt	Such happiness, much smile	superiorCake9	2021-12-31 09:40:28		https://i.imgur.com/eGLIYiZ.jpg	trippinthroughtime	25802	25802	248		reddit	Aucun
177s1lm	Cyanide and Happiness	Nuklia1309	2023-10-14 15:27:23		https://i.redd.it/18yhwwh4s6ub1.jpg	ExplainTheJoke	2044	2044	112		reddit	Aucun
mcnrhz	Happiness is a warm vote	aucontrairemalware	2021-03-25 02:34:18		https://i.redd.it/2nkhnr2763p61.jpg	WhitePeopleTwitter	23512	23512	526		reddit	Aucun
v9o2zq	That's what pure happiness and joy looks like!!!	Thryloz	2022-06-11 02:49:37		https://v.redd.it/tjap8y3qow491	MadeMeSmile	153113	153113	523		reddit	Aucun
17xnb19	üåü HAPPINESS GIVEAWAYüåü	IAmTheAlexNumber2	2023-11-17 19:45:51	RULES:  1. Please Upvote!! 2. Pick a number between 9573 - 9673. There will be numerous winners!! 3. Show me that you need the card with a screenshot side by side with this post!	https://www.reddit.com/gallery/17xnb19	MonopolyGoTrading	466	466	544	Sticker Giveaway	reddit	Aucun
pqiwo7	Money can‚Äôt buy happiness	KingdomPC	2021-09-18 08:51:40		https://i.redd.it/qkoh346v68o71.jpg	memes	27805	27805	350		reddit	Aucun
6le73u	Pancakes and Happiness	ColdCornSparkles	2017-07-05 14:02:15		https://i.redd.it/kj6i1db46s7z.jpg	wholesomememes	43862	43862	720	Comic	reddit	Aucun
por96o	To those who say money can't buy happiness.	AminAlfa	2021-09-15 14:30:53		https://i.redd.it/wf9lm7nlgon71.jpg	dankmemes	44182	44182	1805	:jayemoji::kp3::kp3::kp3::kp3::xmeme::xmeme2::xmeme3: :lulz:	reddit	Aucun
7j5r1a	The magic of happiness	D5R	2017-12-11 21:59:33		https://imgur.com/kRnRNXV.gifv	gifs	95303	95303	1099		reddit	Aucun
kdmv5z	Happiness 100	Samurai_IX	2020-12-15 14:39:24		https://i.redd.it/9v1yskme4d561.jpg	memes	19882	19882	222		reddit	Aucun
eu496w	Gatekeeping happiness	LlamaLungs	2020-01-26 08:32:51		https://i.redd.it/hfp7gvwn33d41.jpg	gatekeeping	13197	13197	323		reddit	Aucun
15q90ld	Money doesn't buy happiness, but it buys all the prerequisites for happiness	nerdqueenhydra	2023-08-13 20:16:18	Maslow knew what was up. Money gets you all your physiological and safety needs - without satisfying these you can't start to prioritize happiness.	https://www.reddit.com/r/Showerthoughts/comments/15q90ld/money_doesnt_buy_happiness_but_it_buys_all_the/	Showerthoughts	1060	1060	143		reddit	Aucun
17ue2dj	A few seconds ago happiness	Freehugza	2023-11-13 16:12:16		https://i.redd.it/7pnegasg350c1.jpg	wholesomememes	8786	8786	61		reddit	Aucun
p6w5kv	happiness	karkarra	2021-08-18 17:41:31		https://i.redd.it/la2zatu4l5i71.jpg	MadeMeSmile	9685	9685	155		reddit	Aucun
b4yrno	*happiness noises*	Thanos_Is_Gay	2019-03-24 17:15:25		https://i.redd.it/tke3ue15o3o21.jpg	dankmemes	55101	55101	304	imma pee in ur ass	reddit	Aucun
dzf7qc	Happiness noises	mattp_97	2019-11-21 06:28:43		https://i.redd.it/6r731xpchzz31.jpg	PewdiepieSubmissions	35103	35103	295		reddit	Aucun
17zhlp0	308 hours of true happiness brought me this!	drskittledix	2023-11-20 05:48:08		https://i.redd.it/18dwc69iyf1c1.jpg	BaldursGate3	2389	2389	275	General Discussion - [NO SPOILERS]	reddit	Aucun
cihqhx	World happiness 2019	XVll-L	2019-07-27 13:51:35		https://i.redd.it/mcl2k5anpuc31.png	MapPorn	8403	8403	741		reddit	Aucun
igmmf5	Happiness noises	1baileo	2020-08-25 22:28:20		https://i.redd.it/o90vd3ty58j51.png	memes	61050	61050	200		reddit	Aucun
11loi26	Happiness	willianfsantos	2023-03-08 06:21:42		https://v.redd.it/qvpxqc4pkgma1	Unexpected	10333	10333	52		reddit	Aucun
oqbtgu	Goddamn white people and their happiness	Basymon	2021-07-23 21:20:48		https://i.redd.it/ps4gzt3e41d71.jpg	PoliticalCompassMemes	15308	15308	672		reddit	Aucun
178wjbq	My happiness is immeasurable. Aki LOVE	cunning_gork	2023-10-16 03:16:18		https://i.redd.it/q823kuoffhub1.jpg	Hololive	3788	3788	132	Misc.	reddit	Aucun
8ize2k	Happiness level - dad	hasilein	2018-05-12 22:19:05		https://i.imgur.com/OMrOSDC.gifv	gifs	92847	92847	722		reddit	Aucun
o1qh2h	Courtesy of Cyanide and Happiness	Cause4concern27	2021-06-17 06:31:06		https://i.redd.it/sn9aq3h0tr571.jpg	wholesomememes	66196	66196	331		reddit	Aucun
17z9h5r	My happiness is immeasurable and my day is improved!	Rail-House-Jam	2023-11-19 22:53:28		https://i.redd.it/d4voobuiwd1c1.jpeg	goodanimemes	1551	1551	678	Animeme	reddit	Aucun
18v5nw3	Pessi fans creating their own happiness	V_y_z_n_v	2023-12-31 11:10:06		https://i.redd.it/q9nnr9kb5m9c1.jpeg	soccercirclejerk	1881	1881	155		reddit	Aucun
quf1fm	Happiness	coelhopolar	2021-11-15 12:11:10		https://v.redd.it/xliug59a3rz71	void_memes	9098	9098	137		reddit	Aucun
bbjva0	Happiness of being adopted	BlondeAussieGirl1990	2019-04-10 09:12:58		https://v.redd.it/v1jdh0pbler21	MadeMeSmile	43317	43317	594		reddit	Aucun
krea3i	Happiness in Tilburg, Netherlands	Carrichristina	2021-01-06 02:34:15		https://v.redd.it/a1menwmlim961	nextfuckinglevel	24146	24146	327		reddit	Aucun
dfwk0s	[OC] Tracking happiness at work	c_h_r_i_s_t_o_p_h	2019-10-10 11:21:27		https://i.redd.it/z9s9crm67pr31.png	dataisbeautiful	22193	22193	1030	OC	reddit	Aucun
18pfe3a	Best way to happiness	RealRock_n_Rolla	2023-12-23 21:22:03		https://v.redd.it/r7r9v9t3348c1	MadeMeSmile	7297	7297	35	:cat3: CATS :cat1:	reddit	Aucun
ld0jx8	Money does buy you happiness	ek19_	2021-02-05 05:41:58	Enough of the cheesy, ‚Äúmoney cant buy you happiness‚Äù bullshit. Do you know how many marriages, frienships, jobs, and lives in full are affected by money. LITERALLY EVERYTHING. Do you lnow how much HAPPIER people would be without financial stress, without worrying where the next meal is coming from, without worrying about the fucking co pay for their next doctors appointment. Its sad but its true, money rules everything. And I hate it.   EDIT: I‚Äôm not saying people with not a lot of money should be or are necessary miserable, I just personally have seen a LOT of pain caused by financial struggles. While I know this may not be an unpopular opinion, I al happy to have started a discussion.	https://www.reddit.com/r/unpopularopinion/comments/ld0jx8/money_does_buy_you_happiness/	unpopularopinion	6804	6804	861		reddit	Aucun
v0zj16	Pure happiness	Excellent-Lecture612	2022-05-30 12:51:32		https://v.redd.it/v573g2561m291	MadeMeSmile	26895	26895	95	:dog1: DOGS :dog1:	reddit	Aucun
16ogh3v	Why do people hate Orihime when she is a ball of Sunshine and Happiness	IAMSUPREME21	2023-09-21 13:51:13	I hate it when adorable characters get flak a lot like Tanjiro and Deku	https://i.redd.it/xqwmrz006mpb1.jpg	bleach	8866	8866	1272	Discussion	reddit	Aucun
gwzwxz	happiness noice	2happygamer	2020-06-05 07:23:39		https://i.redd.it/h5c33ebqm1351.jpg	memes	31602	31602	205		reddit	Aucun
evpfij	[Happiness Noises]	UmarZM	2020-01-29 16:49:53		https://i.redd.it/qw9gxet2zqd41.jpg	memes	35003	35003	227		reddit	Aucun
dvf9st	True happiness	Master1718	2019-11-12 19:53:08		https://i.redd.it/0gf6qq2o8by31.jpg	dankmemes	26836	26836	248	Low Effort Meme	reddit	Aucun
175amvl	The Smell of Happiness (Oneshot)	jantimo18	2023-10-11 10:18:03		https://www.reddit.com/gallery/175amvl	wholesomeanimemes	8618	8618	62	Wholesome Anime-Styled Comic	reddit	Aucun
nmvmmr	Happiness noise	Biaazz	2021-05-28 11:19:28		https://i.redd.it/4ml0nh68iu171.jpg	memes	34195	34195	140		reddit	Aucun
fstie0	SLPT on happiness	MissPolaroidEyes	2020-04-01 05:31:26		https://i.redd.it/i6vpc9og75q41.jpg	ShittyLifeProTips	40568	40568	256		reddit	Aucun
ote8i6	Kanye‚Äôs happiness is our happiness.	pelayitokitkat	2021-07-28 17:07:37		https://v.redd.it/az2lr9wxjzd71	Kanye	2861	2861	112		reddit	Aucun
ox9sk6	True happiness	TheInevitable1s	2021-08-03 18:35:57		https://i.redd.it/mh3h8t54t6f71.jpg	aww	20510	20510	142		reddit	Aucun
9pmlq5	This is pure happiness	MarcoMale	2018-10-19 18:36:29		https://v.redd.it/no319skas6t11	gifs	65780	65780	508		reddit	Aucun
168yku2	Childhood happiness...	prajwalmani	2023-09-03 14:33:42		https://i.redd.it/txr607a6x1mb1.jpg	IndianDankMemes	2317	2317	74	Reposters on their way to steal this meme	reddit	Aucun
gvb4gg	Pure happiness	Ghulam_Jewel	2020-06-02 17:02:01		https://v.redd.it/7x8zqjx23j251	aww	15348	15348	230		reddit	Aucun
15o51s2	Roast the last bit of happiness out of me	kitty_beanbug	2023-08-11 10:23:38		https://i.redd.it/aubjb34ljghb1.jpg	RoastMe	1599	1599	1595		reddit	Aucun
i620xy	Compliments brings happiness	ImRedicle	2020-08-08 16:31:29		https://i.redd.it/qef5ad3t2tf51.jpg	wholesomememes	41823	41823	234		reddit	Aucun
16ynw5s	True Happiness	IceTheBest	2023-10-03 10:11:14		https://i.redd.it/ch8a71lopyrb1.jpg	memes	5265	5265	34		reddit	Aucun
1780k6i	Ouch. I hope she's found some happiness.	Master1718	2023-10-14 22:17:23		https://i.imgur.com/YcWjrE7.jpeg	tumblr	11587	11587	82		reddit	Aucun
oi4v1u	True happiness :)	Iangator	2021-07-11 13:54:08		https://i.redd.it/7ls3js5w9la71.jpg	aww	40184	40184	166		reddit	Aucun
alopsq	Genuine happiness	IncandescentlyHappy	2019-01-31 11:52:42		https://i.redd.it/5cbjc8u5zqd21.jpg	wholesomememes	59530	59530	248		reddit	Aucun
rfd6iv	What brings happiness without spending any money?	DickSwindler	2021-12-13 10:57:34		https://www.reddit.com/r/AskReddit/comments/rfd6iv/what_brings_happiness_without_spending_any_money/	AskReddit	4602	4602	2446		reddit	Aucun
mke57v	No ‚ÄúI‚Äù in happiness	Allstarhit	2021-04-05 06:15:43		https://i.redd.it/6mmu7kyprar61.jpg	facepalm	38638	38638	238	:Misc: :M::I::S::C:	reddit	Aucun
18b9u82	happiness is by choice !!!	Rena_Shaffer	2023-12-05 11:19:57		https://v.redd.it/lbj10742ng4c1	DOG	3107	3107	82		reddit	Aucun
j6ukzr	5 secrets of happiness	Dr_Apk	2020-10-07 16:57:01		https://v.redd.it/32s6q461epr51	WatchPeopleDieInside	21837	21837	312		reddit	Aucun
fgwyv8	Life, Liberty, Pursuit of Happiness	hunteronastick	2020-03-11 13:15:06		https://i.redd.it/yi24zej1n1m41.jpg	LateStageCapitalism	27700	27700	522	üá∫üá∏ failed state	reddit	Aucun
bpunta	*happiness noise*	ligmaboi420	2019-05-17 18:11:34		https://v.redd.it/yroj2n5bbty21	aww	20170	20170	262		reddit	Aucun
eu7p6r	happiness noises	Clippynotclippy	2020-01-26 15:01:41		https://i.redd.it/nh50lue115d41.jpg	BikiniBottomTwitter	39542	39542	193		reddit	Aucun
13ni0a7	Pure shock and happiness	Comfort_Rain	2023-05-21 03:48:10		https://i.redd.it/ae82td9ae51b1.jpg	wholesomememes	26474	26474	59		reddit	Aucun
13uuo7c	Do you think money can buy happiness?	tonyspizzasauce	2023-05-29 13:16:43	Surely money isn‚Äôt everything but it means something.	https://www.reddit.com/r/ask/comments/13uuo7c/do_you_think_money_can_buy_happiness/	ask	1142	1142	2910		reddit	Aucun
kq8srf	Happiness can make a big change	EqUeStRiAnPeRsOn	2021-01-04 13:31:50		https://i.redd.it/eh6vsaxkib961.jpg	MadeMeSmile	43380	43380	485	:smilingface2: Family & Friends :smilingface2:	reddit	Aucun
q7wy5c	Holup , let me bring some happiness with me %	KING_STIV	2021-10-14 10:31:15		https://i.redd.it/dzpd02vb8et71.jpg	HolUp	26764	26764	14464	:harold: Sorry if this causes too much happiness 	reddit	Aucun
rucs9v	happiness consists in giving to others	biscuits_six	2022-01-02 16:10:25		https://i.redd.it/07smb4mwsa981.jpg	memes	11274	11274	356		reddit	Aucun
8v1nbz	Happiness	ApprehensiveAd8	2018-06-30 12:53:11		https://i.imgur.com/ulgzIKs.gifv	rarepuppers	47298	47298	202		reddit	Aucun
n110jx	Happiest countries in Europe (World Happiness Report 2020)	Waveless65	2021-04-29 09:54:29		https://i.redd.it/ds4fdafj43w61.png	europe	14993	14993	1922	Map	reddit	Aucun
fph8qz	Happiness is canceled guys	NiCC_R	2020-03-26 18:52:17		https://i.redd.it/vx1i1xdvc2p41.jpg	dankmemes	29271	29271	326	i haven‚Äôt been outside all year	reddit	Aucun
c3s2xp	*visible happiness*	Spielenator	2019-06-22 17:00:55		https://i.redd.it/b3our22evx531.png	PrequelMemes	35352	35352	220		reddit	Aucun
14st6hu	Driven to happiness	CyanCircle12	2023-07-07 01:58:42		https://i.imgur.com/hzAsY2V.jpg	NewGreentexts	5952	5952	56		reddit	Aucun
q2tpti	This is true happiness	jayy8143	2021-10-06 21:16:05		https://v.redd.it/8cxd9jo1cwr71	MadeMeSmile	16084	16084	192	:smilingface4: Favorite People :smilingface5:	reddit	Aucun
ltv7y4	Every season has its happiness	StrangerAlert112	2021-02-27 19:18:43		https://i.redd.it/ddrreh0pl2k61.jpg	Damnthatsinteresting	36492	36492	285	Image	reddit	Aucun
12auo3d	I am the face of happiness	vegansoda	2023-04-03 19:19:12		https://i.redd.it/qg694f0ngrra1.jpg	Faces	2423	2423	302	Self	reddit	Aucun
ujcc7e	Happiness is‚Ä¶..	Cantwejustbenice	2022-05-06 01:30:47		https://i.redd.it/p8nptmkudrx81.jpg	cats	6857	6857	119	Cat Picture	reddit	Aucun
7q3fzz	Seconds of happiness	MnM97	2018-01-13 08:47:30		https://i.imgur.com/JJ7V8LK.gif	instant_regret	15868	15868	489		reddit	Aucun
slw1w4	This is what true happiness looks like...	dreaminf	2022-02-06 12:57:02		https://v.redd.it/tddkr5e4n7g81	FunnyAnimals	53258	53258	311		reddit	Aucun
11axo0c	IS THIS WHAT HAPPINESS IS?	UbiquitousSubstanceP	2023-02-24 18:01:43		https://i.redd.it/uu6lm2i6w7ka1.jpg	pokemongo	3481	3481	194	Shiny	reddit	Aucun
a2codf	Happiness comes from the simple things	B45M5N	2018-12-02 11:58:42	[ Removed by reddit in response to a copyright notice. ]	https://www.reddit.com/r/funny/comments/a2codf/happiness_comes_from_the_simple_things/	funny	111672	111672	1018		reddit	Aucun
zrj4gf	Chad Cyanide & Happiness	GroundbreakingPea876	2022-12-21 12:09:55		https://i.redd.it/yylcf0q5aa7a1.jpg	Chadtopia	9293	9293	100	Humorous	reddit	Aucun
14umbd5	Thighs = Happiness	Chiffon13	2023-07-09 02:14:57		https://i.redd.it/27y1zs18muab1.jpg	Animemes	3365	3365	75		reddit	Aucun
1370q7q	What's the secret to happiness?	VaguelyAdept	2023-05-03 21:51:18	asked	https://www.reddit.com/r/ask/comments/1370q7q/whats_the_secret_to_happiness/	ask	742	742	1783		reddit	Aucun
